{
  "irst_a": {
    "mean": -0.027027214135174813,
    "std": 0.6763926998107831
  },
  "milex_a": {
    "mean": -0.046624271866915076,
    "std": 0.6570811311370837
  },
  "milper_a": {
    "mean": 0.049964527424404964,
    "std": 1.1436882292212385
  },
  "tpop_a": {
    "mean": -0.021085348291465605,
    "std": 0.8751567228752006
  },
  "upop_a": {
    "mean": -0.054311958519118624,
    "std": 0.7350687542143339
  },
  "irst_b": {
    "mean": -0.04694615855001518,
    "std": 0.46919492515406586
  },
  "milex_b": {
    "mean": -0.04562278903478414,
    "std": 1.0229391776186108
  },
  "milper_b": {
    "mean": 0.04534967946389191,
    "std": 1.1314045448502448
  },
  "tpop_b": {
    "mean": -0.01814717407542435,
    "std": 0.8832572346778123
  },
  "upop_b": {
    "mean": -0.048292650017655155,
    "std": 0.7319284788043959
  },
  "milex_ratio": {
    "mean": -0.02062140995818298,
    "std": 0.47001727232632895
  },
  "tpop_ratio": {
    "mean": -0.026913972383403133,
    "std": 0.4004523643593569
  },
  "defense": {
    "mean": 0.08101984549449949,
    "std": 0.2728674520377162
  },
  "neutrality": {
    "mean": 0.0045450823028417,
    "std": 0.06726430170561465
  },
  "nonaggression": {
    "mean": 0.07920454235252368,
    "std": 0.2700595828089663
  },
  "entente": {
    "mean": 0.09049217918270412,
    "std": 0.28688755297952223
  },
  "any_alliance": {
    "mean": 0.1112112030136762,
    "std": 0.31439564319158836
  },
  "smoothflow1": {
    "mean": -0.03246707813870203,
    "std": 0.5084377450428642
  },
  "smoothflow2": {
    "mean": -0.03861390127639008,
    "std": 0.6791964759386396
  },
  "smoothtotrade": {
    "mean": -0.03583573280502958,
    "std": 0.5882426696879708
  },
  "conttype": {
    "mean": 0.2912128408811727,
    "std": 0.9296754792122867
  },
  "is_contiguous": {
    "mean": 0.14377746840280622,
    "std": 0.35086633959340074
  },
  "land_contiguous": {
    "mean": 0.09685256462752163,
    "std": 0.2957589208579966
  },
  "irst_ratio": {
    "mean": -0.011689506533934583,
    "std": 0.8732196520283819
  }
}
